name,website,description,location,category,source_directory,employees,funding,domain
Medical,,,Germany,,https://www.medicalstartups.org/country/Germany/,,,
Tech,https://www.tech.de,,Germany,,https://www.medicalstartups.org/country/Germany/,,,www.tech.de
Top 23 Textile Producers in Pennsylvania Review,,"Top 23 Textile Producers in Pennsylvania ReviewExplore the top 23 textile manufacturing companies in Pennsylvania. Get to know industry frontrunners like Bally Ribbon Mills and Davlyn Group, their products, and their contributions.Utah's Premium 19: Top Luxury Travel AgenciesExplore Utah's luxury tr",Germany,,https://www.inven.ai/company-lists/top-22-healthcare-companies-in-germany,,,
Utah's Premium 19: Top Luxury Travel Agencies,,"Utah's Premium 19: Top Luxury Travel AgenciesExplore Utah's luxury travel industry's finest, from Sea Sand Travelâs award-winning services to Black Pearl's exceptional travel resources. Dive into the ultimate luxury travel agencies in Utah.",Germany,,https://www.inven.ai/company-lists/top-22-healthcare-companies-in-germany,,,
21 Premier Energy Storage Enterprises in Georgia,,21 Premier Energy Storage Enterprises in GeorgiaExplore Georgia's top 21 energy storage companies offering innovative solutions like battery storage and power systems. Featuring Stryten Energy and Hannah Solar.,Germany,,https://www.inven.ai/company-lists/top-22-healthcare-companies-in-germany,,,
fresenius-kabi.com,http://www.fresenius-kabi.com,,Germany,,https://www.inven.ai/company-lists/top-22-healthcare-companies-in-germany,,,www.fresenius-kabi.com
gerresheimer.com,http://www.gerresheimer.com,,Germany,,https://www.inven.ai/company-lists/top-22-healthcare-companies-in-germany,,,www.gerresheimer.com
barmer.de,http://www.barmer.de/karriere,,Germany,,https://www.inven.ai/company-lists/top-22-healthcare-companies-in-germany,,,www.barmer.de
dak.de,http://www.dak.de,,Germany,,https://www.inven.ai/company-lists/top-22-healthcare-companies-in-germany,,,www.dak.de
fresenius.de,http://fresenius.de,,Germany,,https://www.inven.ai/company-lists/top-22-healthcare-companies-in-germany,,,fresenius.de
aok.de,https://www.aok.de/arbeitgeber/plus/,,Germany,,https://www.inven.ai/company-lists/top-22-healthcare-companies-in-germany,,,www.aok.de
ikk-classic.de,http://www.ikk-classic.de,,Germany,,https://www.inven.ai/company-lists/top-22-healthcare-companies-in-germany,,,www.ikk-classic.de
heel.com,http://www.heel.com,,Germany,,https://www.inven.ai/company-lists/top-22-healthcare-companies-in-germany,,,www.heel.com
curevac.com,http://curevac.com,,Germany,,https://www.inven.ai/company-lists/top-22-healthcare-companies-in-germany,,,curevac.com
mckesson.eu,http://www.mckesson.eu,,Germany,,https://www.inven.ai/company-lists/top-22-healthcare-companies-in-germany,,,www.mckesson.eu
msd.de,http://www.msd.de,,Germany,,https://www.inven.ai/company-lists/top-22-healthcare-companies-in-germany,,,www.msd.de
lohmann-rauscher.com,https://www.lohmann-rauscher.com,,Germany,,https://www.inven.ai/company-lists/top-22-healthcare-companies-in-germany,,,www.lohmann-rauscher.com
pronovabkk.de,https://www.pronovabkk.de/,,Germany,,https://www.inven.ai/company-lists/top-22-healthcare-companies-in-germany,,,www.pronovabkk.de
merztherapeutics.com,https://www.merztherapeutics.com,,Germany,,https://www.inven.ai/company-lists/top-22-healthcare-companies-in-germany,,,www.merztherapeutics.com
fresenius.com,https://www.fresenius.com/,,Germany,,https://www.inven.ai/company-lists/top-22-healthcare-companies-in-germany,,,www.fresenius.com
medac.de,http://www.medac.de,,Germany,,https://www.inven.ai/company-lists/top-22-healthcare-companies-in-germany,,,www.medac.de
novartis.de,http://www.novartis.de,,Germany,,https://www.inven.ai/company-lists/top-22-healthcare-companies-in-germany,,,www.novartis.de
daiichi-sankyo.eu,http://www.daiichi-sankyo.eu,,Germany,,https://www.inven.ai/company-lists/top-22-healthcare-companies-in-germany,,,www.daiichi-sankyo.eu
hkk.de,http://www.hkk.de,,Germany,,https://www.inven.ai/company-lists/top-22-healthcare-companies-in-germany,,,www.hkk.de
nordmark-pharma.de,https://www.nordmark-pharma.de,,Germany,,https://www.inven.ai/company-lists/top-22-healthcare-companies-in-germany,,,www.nordmark-pharma.de
crs-group.de,http://www.crs-group.de,,Germany,,https://www.inven.ai/company-lists/top-22-healthcare-companies-in-germany,,,www.crs-group.de
profil.com,http://www.profil.com,,Germany,,https://www.inven.ai/company-lists/top-22-healthcare-companies-in-germany,,,www.profil.com
Protembis GmbH,,"Protembis GmbHCure the heart, protect the brain. ProtEmbo® Cerebral Embolic Protectionn",Germany,,https://www.f6s.com/companies/health-medical/germany/co,,,
See full page,,"See full pagePeople, funding & more",Germany,,https://www.f6s.com/companies/health-medical/germany/co,,,
Neotiv,https://www.neotiv.com,NeotivEnabling cognitive health.,Germany,,https://www.f6s.com/companies/health-medical/germany/co,,,www.neotiv.com
Ada Health,https://www.adahealth.de,"Ada HealthAda is an advanced AI symptom assessment, triage and care navigation tool.",Germany,,https://www.f6s.com/companies/health-medical/germany/co,,,www.adahealth.de
Innovative Molecules,https://www.innovativemolecules.com,Innovative MoleculesDeveloping Next-Generation Treatments for Herpes Simplex-Induced diseases.,Germany,,https://www.f6s.com/companies/health-medical/germany/co,,,www.innovativemolecules.com
XO Life,,XO LifeMeta platform for digital product- and treatment support of all patients,Germany,,https://www.f6s.com/companies/health-medical/germany/co,,,
FORMEL Skin,https://www.formelskin.de,FORMEL SkinQuick access to quality medical care online,Germany,,https://www.f6s.com/companies/health-medical/germany/co,,,www.formelskin.de
Avelios Medical,,Avelios MedicalDigitizing hospitals for better patient care,Germany,,https://www.f6s.com/companies/health-medical/germany/co,,,
Breathment,https://www.breathment.com,BreathmentDigitizing Pulmonary Rehabilitation,Germany,,https://www.f6s.com/companies/health-medical/germany/co,,,www.breathment.com
MindPeak GmbH,,MindPeak GmbHDeveloper of artificial intelligence-based visual diagnosis platform,Germany,,https://www.f6s.com/companies/health-medical/germany/co,,,
Patient21,https://patient21.com,Patient21Healthcare made for you,Germany,,https://www.f6s.com/companies/health-medical/germany/co,,,patient21.com
Cara.Care,,Cara.CareEmpowers individual with digestive issues to enjoy a healthier happier life,Germany,,https://www.f6s.com/companies/health-medical/germany/co,,,
Medwing,https://www.medwing.com,Medwing,Germany,,https://www.f6s.com/companies/health-medical/germany/co,,,www.medwing.com
Wellster Healthtech,,Wellster HealthtechHealthcare experiences. Human-centered. Better everyday health.,Germany,,https://www.f6s.com/companies/health-medical/germany/co,,,
Hale Health,,Hale HealthThe virtual clinic for gynecology.,Germany,,https://www.f6s.com/companies/health-medical/germany/co,,,
Avi Medical,https://www.avimedical.com,Avi MedicalDemocratizing best-in-class medical care for a healthier society,Germany,,https://www.f6s.com/companies/health-medical/germany/co,,,www.avimedical.com
Custom Surgical,https://www.customsurgical.com,Custom SurgicalAI-driven eyecare solutions for efficient diagnostic management.,Germany,,https://www.f6s.com/companies/health-medical/germany/co,,,www.customsurgical.com
HelloBetter,https://www.hellobetter.com,HelloBetterDigital Therapeutics for Mental Health,Germany,,https://www.f6s.com/companies/health-medical/germany/co,,,www.hellobetter.com
Dopavision,https://www.dopavision.com,"DopavisionWe are set to treat myopia, digitally.",Germany,,https://www.f6s.com/companies/health-medical/germany/co,,,www.dopavision.com
Clue,https://www.clue.com,ClueClue is a female health application for period and fertility tracking,Germany,,https://www.f6s.com/companies/health-medical/germany/co,,,www.clue.com
TEDIRO Healthcare Robotics,,TEDIRO Healthcare Robotics,Germany,,https://www.f6s.com/companies/health-medical/germany/co,,,
LillianCare,,LillianCareLillian is building innovative healthcare facilities across the country.,Germany,,https://www.f6s.com/companies/health-medical/germany/co,,,
TRiCares GmbH,,TRiCares GmbH,Germany,,https://www.f6s.com/companies/health-medical/germany/co,,,
Refoxy Pharma,,Refoxy PharmaDiscovering medicines to treat age-related diseases,Germany,,https://www.f6s.com/companies/health-medical/germany/co,,,
LipoCheck,https://www.lipocheck.de,LipoCheckAI-powered Health Platform to improve diagnostic and care for Lipedema,Germany,,https://www.f6s.com/companies/health-medical/germany/co,,,www.lipocheck.de
Tomorrow Biostasis GmbH,,Tomorrow Biostasis GmbHStart your journey to the future with our Complete Cryopreservation Program,Germany,,https://www.f6s.com/companies/health-medical/germany/co,,,
Temedica GmbH,,Temedica GmbH,Germany,,https://www.f6s.com/companies/health-medical/germany/co,,,
Mimi Hearing Technologies,,"Mimi Hearing TechnologiesWe build ""glasses for your ears"" by personalizing sound to your hearing.",Germany,,https://www.f6s.com/companies/health-medical/germany/co,,,
Complement Therapeutics,,Complement Therapeutics,Germany,,https://www.f6s.com/companies/health-medical/germany/co,,,
Clay Health GmbH,,Clay Health GmbHThe First Mental Health Training Club,Germany,,https://www.f6s.com/companies/health-medical/germany/co,,,
Orbit Health GmbH,,Orbit Health GmbHA digital biomarkers lab using AI and sensor tech to improve chronic care,Germany,,https://www.f6s.com/companies/health-medical/germany/co,,,
BIOVOX GmbH,,"BIOVOX GmbHBioplastics for Medtech, Pharma & Laboratory with certified safety.",Germany,,https://www.f6s.com/companies/health-medical/germany/co,,,
QraGo,https://www.qrago.de,QraGoQraGo - Delegating non-emergency patient transports,Germany,,https://www.f6s.com/companies/health-medical/germany/co,,,www.qrago.de
Sympatient GmbH,,Sympatient GmbHWe build the future of anxiety therapy.,Germany,,https://www.f6s.com/companies/health-medical/germany/co,,,
Qunomedical,https://www.qunomedical.com,QunomedicalQunomedical is a digital health platform that is providing patients worldwi,Germany,,https://www.f6s.com/companies/health-medical/germany/co,,,www.qunomedical.com
ADA.io,,ADA.ioPersonal Health Companion,Germany,,https://www.f6s.com/companies/health-medical/germany/co,,,
Vara AI,,Vara AI,Germany,,https://www.f6s.com/companies/health-medical/germany/co,,,
inContAlert GmbH,,inContAlert GmbHDeveloping a sensor technology to measure the bladder filling level,Germany,,https://www.f6s.com/companies/health-medical/germany/co,,,
Virtonomy,https://www.virtonomy.com,VirtonomyData driven clinical trials on Virtual Patients,Germany,,https://www.f6s.com/companies/health-medical/germany/co,,,www.virtonomy.com
Epigenics,https://www.epigenics.de,Epigenics,Germany,,https://www.f6s.com/companies/health-medical/germany/co,,,www.epigenics.de
NanoSen GmbH,,NanoSen GmbHWe manufacture polymer nanocomposite-based material for force-sensing,Germany,,https://www.f6s.com/companies/health-medical/germany/co,,,
Fyrce Care,https://www.fyrcecare.com,"Fyrce CareWe make egg freezing more transparent, accessible, and smoother for women.",Germany,,https://www.f6s.com/companies/health-medical/germany/co,,,www.fyrcecare.com
Myo (myo.de),,Myo (myo.de)myo digitizes communication in geriatric care,Germany,,https://www.f6s.com/companies/health-medical/germany/co,,,
Careloop (careloop.io),,Careloop (careloop.io)Choose A Job You Love In Germany,Germany,,https://www.f6s.com/companies/health-medical/germany/co,,,
PINZON Health,,PINZON HealthDelight your private patients with the most modern telemedicine solution,Germany,,https://www.f6s.com/companies/health-medical/germany/co,,,
Sphingotec,https://www.sphingotec.com,Sphingotec,Germany,,https://www.f6s.com/companies/health-medical/germany/co,,,www.sphingotec.com
cns therapy ag,,cns therapy agWe make chronic pain patients pain-free using Therapy and Neuromodulation.,Germany,,https://www.f6s.com/companies/health-medical/germany/co,,,
GlucoFit,https://www.glucofit.de,"GlucoFitIntegrated, digital, personalized diabetes therapy",Germany,,https://www.f6s.com/companies/health-medical/germany/co,,,www.glucofit.de
dermanostic GmbH,,"dermanostic GmbHdermanostic - ""dermatologist via app""",Germany,,https://www.f6s.com/companies/health-medical/germany/co,,,
Munevo,https://munevo.com,Munevomunevo provides medical & assistive solutions based on smart glasses,Germany,,https://www.f6s.com/companies/health-medical/germany/co,,,munevo.com
Enzymaster,https://www.enzymaster.com,Enzymaster,Germany,,https://www.f6s.com/companies/health-medical/germany/co,,,www.enzymaster.com
Merz Pharma,,Merz PharmaLive better. Feel better. Look better.,Germany,,https://www.f6s.com/companies/health-medical/germany/co,,,
Skinuvita,https://www.skinuvita.com,SkinuvitaReinventing phototherapy by enabling tele-medical home treatment,Germany,,https://www.f6s.com/companies/health-medical/germany/co,,,www.skinuvita.com
DeinePflege,https://www.deinepflege.de,DeinePflegeCentral platform for all administration tasks around outpatient care.,Germany,,https://www.f6s.com/companies/health-medical/germany/co,,,www.deinepflege.de
wellabe GmbH,,"wellabe GmbHwellabe empowers people to live a better, healthier and longer life",Germany,,https://www.f6s.com/companies/health-medical/germany/co,,,
Kinfinity,,KinfinityRedefining Interactions,Germany,,https://www.f6s.com/companies/health-medical/germany/co,,,
Heartbeat Medical,,"Heartbeat MedicalLeverage patient-reported outcomes, clinical data, and real-world evidence.",Germany,,https://www.f6s.com/companies/health-medical/germany/co,,,
Audibene.de,,Audibene.deaudibene is the fastest-growing hearing care company ever.,Germany,,https://www.f6s.com/companies/health-medical/germany/co,,,
Doctorina,https://doctorina.com,"DoctorinaAI Doctor provides accurate AI diagnostics, consultations, and prescription",Germany,,https://www.f6s.com/companies/health-medical/germany/co,,,doctorina.com
Rhön-Klinikum,,Rhön-Klinikum,Germany,,https://www.f6s.com/companies/health-medical/germany/co,,,
Vivoryon Therapeutics,,Vivoryon TherapeuticsDevelopment of drugs for Alzheimer's disease,Germany,,https://www.f6s.com/companies/health-medical/germany/co,,,
EyeSense,https://www.eyesense.com,EyeSenseNext-generation glucose measuring devices,Germany,,https://www.f6s.com/companies/health-medical/germany/co,,,www.eyesense.com
Molecule AG,,Molecule AGWe propel science from lab to life,Germany,,https://www.f6s.com/companies/health-medical/germany/co,,,
Konsilmed,https://www.konsilmed.com,KonsilmedKonsilmed is a Germany Healthcare services company,Germany,,https://www.f6s.com/companies/health-medical/germany/co,,,www.konsilmed.com
Krankenhaus.de - Spitality GmbH,,Krankenhaus.de - Spitality GmbHBooking.com for hospitals,Germany,,https://www.f6s.com/companies/health-medical/germany/co,,,
Myo-care,https://www.myo-care.com,Myo-careCommunication Platform for the healthcare market,Germany,,https://www.f6s.com/companies/health-medical/germany/co,,,www.myo-care.com
Mindpax,,MindpaxMinpdax predicts relapses of mental health patients suffering from bipolar,Germany,,https://www.f6s.com/companies/health-medical/germany/co,,,
Vivira,https://www.vivira.com,ViviraYour prescription app for back pain,Germany,,https://www.f6s.com/companies/health-medical/germany/co,,,www.vivira.com
IoCare / RICA,,IoCare / RICARICA gives peace of mind to caregivers and security to the elderly caretake,Germany,,https://www.f6s.com/companies/health-medical/germany/co,,,
WM Therapeutics,,WM TherapeuticsWe make cancer therapeutics,Germany,,https://www.f6s.com/companies/health-medical/germany/co,,,
Epimune Diagnostics,,Epimune DiagnosticsPioneering Molecular Immune Cell Quantification,Germany,,https://www.f6s.com/companies/health-medical/germany/co,,,
Apriwell,https://www.apriwell.de,ApriwellEnabling vibrant lifes with human-first health solutions,Germany,,https://www.f6s.com/companies/health-medical/germany/co,,,www.apriwell.de
MeinDoc,,MeinDocE-health startup that improves patient's understanding of surgical problems,Germany,,https://www.f6s.com/companies/health-medical/germany/co,,,
m.Doc GmbH,,"m.Doc GmbHHolistic medical services at the ""point of care"" – anytime and anywhere",Germany,,https://www.f6s.com/companies/health-medical/germany/co,,,
Pflegli,,PflegliPflegli - We stop the huge lack of caregivers,Germany,,https://www.f6s.com/companies/health-medical/germany/co,,,
GeneHolistics,https://www.geneholistics.de,GeneHolisticsScientific Consulting in Systems Biology and Genomical Research,Germany,,https://www.f6s.com/companies/health-medical/germany/co,,,www.geneholistics.de
Braineffect,,BraineffectProducer of food products & supplements intended to optimize mental health.,Germany,,https://www.f6s.com/companies/health-medical/germany/co,,,
KiE-Health,https://www.kie-health.com,KiE-Health,Germany,,https://www.f6s.com/companies/health-medical/germany/co,,,www.kie-health.com
JustHealth,https://www.justhealth.com,JustHealthNext gen. monitoring and companion platform for personalized cancer care,Germany,,https://www.f6s.com/companies/health-medical/germany/co,,,www.justhealth.com
Doctari.de,,"Doctari.deWith you, we care.",Germany,,https://www.f6s.com/companies/health-medical/germany/co,,,
Karrierenetzwerk Ophtalmologie,,"Karrierenetzwerk OphtalmologieYour advice: competent, discreet & binding!",Germany,,https://www.f6s.com/companies/health-medical/germany/co,,,
meevo Healthcare GmbH,,meevo Healthcare GmbHThe modern medical supply store online and in Hamburg.,Germany,,https://www.f6s.com/companies/health-medical/germany/co,,,
Innomeda GmbH,,Innomeda GmbHKlinikradar.de - data-driven healthcare aggregator platform with >3M users.,Germany,,https://www.f6s.com/companies/health-medical/germany/co,,,
AkknaTek GmbH.,,AkknaTek GmbH.Ocular imaging system for cataract treatment,Germany,,https://www.f6s.com/companies/health-medical/germany/co,,,
Movacare,https://www.movacare.de,MovacareWe offer a wearable solution to tackle problems in elderly care,Germany,,https://www.f6s.com/companies/health-medical/germany/co,,,www.movacare.de
Zana Technologies GmbH,,Zana Technologies GmbHWe make healthcare talk human,Germany,,https://www.f6s.com/companies/health-medical/germany/co,,,
Empident,https://www.empident.de,EmpidentThe Fitbit for your Teeth - your companion for better oral health.,Germany,,https://www.f6s.com/companies/health-medical/germany/co,,,www.empident.de
10 M-sense – App against migraine becomes digital health app,https://www.bfarm.de/EN/MedicalDevices/DiGA/_node.html,"The e-health segment has been considered one of the up-and-coming topics in the startup scene for years. Digital transformation in the healthcare system is one of the major future issues of our time. The consequences of skills shortage, urbanization ",Germany,,https://www.spinlab.co/blog/10-promising-ehealth-startups-from-germany,,,www.bfarm.de
Written byLinh Pham,,"Written byLinh PhamLinh holds a master's degree in media and communications. In the past years, she has worked as an employee and freelancer in different editorial offices. Since 2020 she is part of the SpinLab team and is now responsible for public ",Germany,,https://www.spinlab.co/blog/10-promising-ehealth-startups-from-germany,,,
Drop in a comment,,Drop in a comment,Germany,,https://www.spinlab.co/blog/10-promising-ehealth-startups-from-germany,,,
Our Ecosystem,//bitroad.de?hsLang=en,Our Ecosystem,Germany,,https://www.spinlab.co/blog/10-promising-ehealth-startups-from-germany,,,bitroad.de
Popular Guides,,Popular GuidesStartup AcceleratorsPublic GrantsProduct Market FitCoworking SpacesStartup Logos,Germany,,https://www.spinlab.co/blog/10-promising-ehealth-startups-from-germany,,,
Featured,https://www.featured.de,Featured,Germany,,https://www.spinlab.co/blog/10-promising-ehealth-startups-from-germany,,,www.featured.de
Sign up for updates,,Sign up for updates,Germany,,https://www.spinlab.co/blog/10-promising-ehealth-startups-from-germany,,,
Digital Health Applications,https://www.bfarm.de/EN/MedicalDevices/DiGA/_node.html,"E-health is also one of the trend topics in the German start-up scene, especially after passing its Digital Care Act in 2019, introducing guidelines forDigital Health Applications(DiGA). Furthermore, ",Germany,,https://www.spinlab.co/blog/10-promising-ehealth-startups-from-germany,,,www.bfarm.de
VC investor Speedinvest,https://www.speedinvest.com/blog/digital-health-in-europe-reforms-are-accelerating-the-dach-market,"E-health is also one of the trend topics in the German start-up scene, especially after passing its Digital Care Act in 2019, introducing guidelines forDigital Health Applications(DiGA). Furthermore, ",Germany,,https://www.spinlab.co/blog/10-promising-ehealth-startups-from-germany,,,www.speedinvest.com
MedKitDoc,https://www.medkitdoc.de/,"Digital health startupMedKitDocis revolutionizing telemedicine by enabling digital physician treatments including diagnostics via the ""MedKitDoc"" platform. The platform is based on the combination of ",Germany,,https://www.spinlab.co/blog/10-promising-ehealth-startups-from-germany,,,www.medkitdoc.de
Mindance,https://www.mindance.de/,Mindanceoffers a digital solution to integrate research-based mental training into their customers' HR development and health promotion programs. The trainings contribute to the employees’ mental well,Germany,,https://www.spinlab.co/blog/10-promising-ehealth-startups-from-germany,,,www.mindance.de
Kenbi,https://www.kenbi.de/,"Although there are more and more people in need of care in Germany, there is a shortage of skilled workers everywhere. This is mainly due to the stressful working conditions and the endless bureaucrac",Germany,,https://www.spinlab.co/blog/10-promising-ehealth-startups-from-germany,,,www.kenbi.de
Zanadio,https://zanadio.de/?pk_cid=11436193194&pk_source=google&pk_medium=cpc&pk_content=474579060717&pk_keyword=aidhere&gclid=CjwKCAjwj6SEBhAOEiwAvFRuKI0RETDxqenJIFqqM9qsRHXjCzRi2EUad_SVcagU6uV0o_32TFa3hhoCFAcQAvD_BwE,"aidhere is a digital medicine company that aims to improve people's lives with the help of digital health apps. The start-up was founded in 2019. Last year the first product, the app zanadio was launc",Germany,,https://www.spinlab.co/blog/10-promising-ehealth-startups-from-germany,,,zanadio.de
Aumio,https://aumio.de/,"These founders address the mental health of children. The Corona crisis has helped raise awareness of this issue, but the problem is not new. Such mental distress can range from ADHD and school stress",Germany,,https://www.spinlab.co/blog/10-promising-ehealth-startups-from-germany,,,aumio.de
Mika,https://www.mitmika.de/,"A cancer diagnosis comes as a shock to most people. This makes it more important for those affected to have someone at their side immediately. With the help ofMika, patients can document how they are ",Germany,,https://www.spinlab.co/blog/10-promising-ehealth-startups-from-germany,,,www.mitmika.de
Fastic,https://fastic.com/,"Founded in 2019 in Dresden,Fasticis a healthy fasting app that supports users in leading a new, healthy lifestyle with intermittent fasting. The app offers users the opportunity to educate themselves ",Germany,,https://www.spinlab.co/blog/10-promising-ehealth-startups-from-germany,,,fastic.com
M-Sense,https://www.m-sense.de/,The World Health Organization ranks migraine among the ten most common health conditions. Berlin-based startup Newsenselab has developed an app that provides personalized and mobile migraine therapy. ,Germany,,https://www.spinlab.co/blog/10-promising-ehealth-startups-from-germany,,,www.m-sense.de
BITROAD Consulting,https://bitroad.de,BITROAD Consulting,Germany,,https://www.spinlab.co/blog/10-promising-ehealth-startups-from-germany,,,bitroad.de
Actemium,https://www.actemium.de/,Actemium,Germany,,https://www.spinlab.co/blog/10-promising-ehealth-startups-from-germany,,,www.actemium.de
AOK Plus,https://plus.aok.de/,AOK Plus,Germany,,https://www.spinlab.co/blog/10-promising-ehealth-startups-from-germany,,,plus.aok.de
CMS Hasche Sigle,http://www.cms-hs.com/,CMS Hasche Sigle,Germany,,https://www.spinlab.co/blog/10-promising-ehealth-startups-from-germany,,,www.cms-hs.com
CosiFan / Fujitsu,https://www.cosifan.de/,CosiFan / Fujitsu,Germany,,https://www.spinlab.co/blog/10-promising-ehealth-startups-from-germany,,,www.cosifan.de
Davaso,https://portal.davaso.de/portal/,Davaso,Germany,,https://www.spinlab.co/blog/10-promising-ehealth-startups-from-germany,,,portal.davaso.de
Deutsches Rotes Kreuz,https://drksachsen.de/,Deutsches Rotes Kreuz,Germany,,https://www.spinlab.co/blog/10-promising-ehealth-startups-from-germany,,,drksachsen.de
envia M,https://www.enviam-gruppe.de/unternehmen,envia M,Germany,,https://www.spinlab.co/blog/10-promising-ehealth-startups-from-germany,,,www.enviam-gruppe.de
EEX,https://www.eex.com/en/,EEX,Germany,,https://www.spinlab.co/blog/10-promising-ehealth-startups-from-germany,,,www.eex.com
Energieforen Leipzig,https://www.energieforen.de/startseite-efl,Energieforen Leipzig,Germany,,https://www.spinlab.co/blog/10-promising-ehealth-startups-from-germany,,,www.energieforen.de
Grazia Equity,http://www.grazia.com/,Grazia Equity,Germany,,https://www.spinlab.co/blog/10-promising-ehealth-startups-from-germany,,,www.grazia.com
HHL,https://www.hhl.de/,HHL,Germany,,https://www.spinlab.co/blog/10-promising-ehealth-startups-from-germany,,,www.hhl.de
KPMG,http://www.kpmg.com/,KPMG,Germany,,https://www.spinlab.co/blog/10-promising-ehealth-startups-from-germany,,,www.kpmg.com
LBBW,https://www.lbbw.de/,LBBW,Germany,,https://www.spinlab.co/blog/10-promising-ehealth-startups-from-germany,,,www.lbbw.de
LEAG,https://www.leag.de/,LEAG,Germany,,https://www.spinlab.co/blog/10-promising-ehealth-startups-from-germany,,,www.leag.de
Leipziger Gruppe,https://www.l.de/,Leipziger Gruppe,Germany,,https://www.spinlab.co/blog/10-promising-ehealth-startups-from-germany,,,www.l.de
Madsack Mediengruppe,http://www.madsack.de/,Madsack Mediengruppe,Germany,,https://www.spinlab.co/blog/10-promising-ehealth-startups-from-germany,,,www.madsack.de
Ostwerk,https://ost-werk.de/,Ostwerk,Germany,,https://www.spinlab.co/blog/10-promising-ehealth-startups-from-germany,,,ost-werk.de
Pava,https://pava.eu/,Pava,Germany,,https://www.spinlab.co/blog/10-promising-ehealth-startups-from-germany,,,pava.eu
Porsche,http://www.porsche.com/,Porsche,Germany,,https://www.spinlab.co/blog/10-promising-ehealth-startups-from-germany,,,www.porsche.com
SachsenEnergie,https://www.sachsenenergie.de/,SachsenEnergie,Germany,,https://www.spinlab.co/blog/10-promising-ehealth-startups-from-germany,,,www.sachsenenergie.de
Signal Iduna,https://www.signal-iduna.de/,Signal Iduna,Germany,,https://www.spinlab.co/blog/10-promising-ehealth-startups-from-germany,,,www.signal-iduna.de
Stadt Leipzig,http://www.leipzig.de/wirtschaft,Stadt Leipzig,Germany,,https://www.spinlab.co/blog/10-promising-ehealth-startups-from-germany,,,www.leipzig.de
Technologiegründerfonds Sachsen,http://www.tgfs.de/,Technologiegründerfonds Sachsen,Germany,,https://www.spinlab.co/blog/10-promising-ehealth-startups-from-germany,,,www.tgfs.de
Universitätsklinikum Leipzig,https://www.uniklinikum-leipzig.de/,Universitätsklinikum Leipzig,Germany,,https://www.spinlab.co/blog/10-promising-ehealth-startups-from-germany,,,www.uniklinikum-leipzig.de
VNG,https://vng.de/de,VNG,Germany,,https://www.spinlab.co/blog/10-promising-ehealth-startups-from-germany,,,vng.de
Follow,https://www.instagram.com/startuprise_eu/,Follow,Germany,,https://startuprise.co.uk/top-10-healthtech-startups-in-germany/,,,www.instagram.com
Daily Brief,https://www.dailybrief.de,Daily BriefStay on top Get the daily news from Startup Rise Europe in your inboxPlease leave this field empty.,Germany,,https://startuprise.co.uk/top-10-healthtech-startups-in-germany/,,,www.dailybrief.de
Orbem,https://startuprise.co.uk/top-10-healthtech-startups-in-netherland/,"What are HealthTech Startups?Healthtech startups are innovative companies operating at the intersection of healthcare and technology, leveraging advanced technological solutions to address and enhance various aspects of the healthcare industry. These",Germany,,https://startuprise.co.uk/top-10-healthtech-startups-in-germany/,,,startuprise.co.uk
Sport Alliance,https://startuprise.co.uk/top-10-healthtech-startups-in-malta/,"Founded in 2019 in Munich, Germany, by Pedro Gomez, Orbem is a trailblazer in health tech and AI. The startup has gained recognition for its AI-powered MRI platform designed for scanning biological samples. The mission at Orbem is to advance medical ",Germany,,https://startuprise.co.uk/top-10-healthtech-startups-in-germany/,,,startuprise.co.uk
AMSilk,https://startuprise.co.uk/top-10-healthtech-startups-in-poland/,"Top HealthTech Startups in Germany | Sport AllianceBased in Hamburg, Germany, Sport Alliance was founded in 2011 by Daniel Hanelt with a vision to create software solutions for gyms and fitness providers. The startup's mission is to empower fitness b",Germany,,https://startuprise.co.uk/top-10-healthtech-startups-in-germany/,,,startuprise.co.uk
CatalYm,https://startuprise.co.uk/top-10-healthtech-startups-in-slovakia/,"Founded in 2008 in Munich, Germany, AMSilk is a biofabrication and biotech startup that specializes in developing bio-fabricated silk protein materials. AMSilk's mission is rooted in leveraging nature's building blocks to create sustainable and advan",Germany,,https://startuprise.co.uk/top-10-healthtech-startups-in-germany/,,,startuprise.co.uk
Floy,https://startuprise.co.uk/top-10-healthtech-startups-in-slovenia/,"Top HealthTech Startups in Germany | CatalYmFounded in 2017 in Munich by Jorg Wischhusen, CatalYm is a pioneering player in innovative immunotherapies for cancer patients. The founders aimed to address unmet needs in cancer treatment through groundbr",Germany,,https://startuprise.co.uk/top-10-healthtech-startups-in-germany/,,,startuprise.co.uk
Habyt,https://www.floy.com/,"Top HealthTech Startups in Germany | FloyFounded in 2021 in Munich by Benedikt Schneider,Floyhas made strides in the intersection of health tech and biotech with its AI platform for radiology diagnostics. The founders aimed to enhance diagnostic capa",Germany,,https://startuprise.co.uk/top-10-healthtech-startups-in-germany/,,,www.floy.com
Ottonova,https://startuprise.co.uk/top-10-health-tech-startups-in-norway/,"Top HealthTech Startups in Germany | HabytEstablished in 2017 in Berlin, Germany, by Edoardo Moreni and Luca Bovone, Habyt has become a significant player in health tech and proptech & real estate. The founders' vision was to create and manage aesthe",Germany,,https://startuprise.co.uk/top-10-healthtech-startups-in-germany/,,,startuprise.co.uk
Tubulis,https://startuprise.co.uk/top-10-healthtech-startups-in-switzerland/,"Established in 2016 in Munich by Roman Rittweger, Ottonova has positioned itself as a comprehensive digital health insurance solution. The founder aimed to revolutionize health insurance services through digital means.Read also -Top 10 HealthTech Sta",Germany,,https://startuprise.co.uk/top-10-healthtech-startups-in-germany/,,,startuprise.co.uk
HMNC Brain Health,https://startuprise.co.uk/top-10-healthtech-startups-in-denmark/,"Top HealthTech Startups in Germany | Patient21Established in 2018 in Berlin by Dr. Daniel Nathrath, Dr. Julius Oster, and Luisa Menezes, Patient21 is a digital healthcare platform with physical clinics. The founders aimed to create a seamless healthc",Germany,,https://startuprise.co.uk/top-10-healthtech-startups-in-germany/,,,startuprise.co.uk
Wellster,https://startuprise.co.uk/top-10-ai-copywriting-tools/,"Top HealthTech Startups in Germany | HMNC Brain HealthBased in Munich, HMNC Brain Health was founded in 2020 by Prof. Dr. med. Nikolai Axmacher, Prof. Dr. Dr. Thomas Schultz, and Dr. Martin Rossner. The founders aimed to advance precision medicine so",Germany,,https://startuprise.co.uk/top-10-healthtech-startups-in-germany/,,,startuprise.co.uk
Climedo,https://startuprise.co.uk/top-10-fintech-startups-in-spain/,Wellster is a healthtech startup that wants to make it easier for people to get effective treatments for everyday health problems. Wellster is a healthtech startup aimed at giving more people easy access to effective treatments for everyday health pr,Germany,,https://startuprise.co.uk/top-10-healthtech-startups-in-germany/,,,startuprise.co.uk
Name the Top 12 HealthTech Startups in Germany?,,"Name the Top 12 HealthTech Startups in Germany?Orbem, Sport Alliance, AMSilk, CatalYm, Floy, Habyt, Ottonova, Tubulis, Patient21, HMNC Brain, Wellster and Climedo Health are Top 12 HealthTech Startups in Germany.",Germany,,https://startuprise.co.uk/top-10-healthtech-startups-in-germany/,,,
Who founded HMNC Brain Health?,,"Who founded HMNC Brain Health?HMNC Brain Health was founded in 2020 by Prof. Dr. med. Nikolai Axmacher, Prof. Dr. Dr. Thomas Schultz, and Dr. Martin Rossner",Germany,,https://startuprise.co.uk/top-10-healthtech-startups-in-germany/,,,
Business Ideas in Paris for Young entrepreneurs,,Business Ideas in Paris for Young entrepreneurs,Germany,,https://startuprise.co.uk/top-10-healthtech-startups-in-germany/,,,
List of Unicorn Startups in Europe 2024,,List of Unicorn Startups in Europe 2024,Germany,,https://startuprise.co.uk/top-10-healthtech-startups-in-germany/,,,
Top 10 HealthTech Startups in Denmark,,Top 10 HealthTech Startups in Denmark,Germany,,https://startuprise.co.uk/top-10-healthtech-startups-in-germany/,,,
Top 20 Best Electric Vehicle(EV) Startups in Europe,,Top 20 Best Electric Vehicle(EV) Startups in Europe,Germany,,https://startuprise.co.uk/top-10-healthtech-startups-in-germany/,,,
Types Of Funding For Startups,,Types Of Funding For Startups,Germany,,https://startuprise.co.uk/top-10-healthtech-startups-in-germany/,,,
Top 12 Fintech Startups in Germany 2025,,Top 12 Fintech Startups in Germany 2025,Germany,,https://startuprise.co.uk/top-10-healthtech-startups-in-germany/,,,
Trending Stories,https://startuprise.co.uk/business-ideas-in-austria/,Trending StoriesTop Business Ideas In AustriaTop 12 Elder Care Startups in Europe 2025Top Agritech Startups in NetherlandsEuropean New Unicorn – 2024What is a GP Investor?Pitch Deck Competition Slide TemplateTop 12 Climate Tech and Green Tech Startup,Germany,,https://startuprise.co.uk/top-10-healthtech-startups-in-germany/,,,startuprise.co.uk
Discover,https://startuprise.co.uk/startup-insight/,DiscoverStartup NewsStartup TVStartup StoriesStartup InsightBrowse StartupEvents,Germany,,https://startuprise.co.uk/top-10-healthtech-startups-in-germany/,,,startuprise.co.uk
More,https://www.more.de,MoreAbout UsAdvertisementPrivacy PolicyTerms & ConditionsDisclaimerPatnershipContact,Germany,,https://startuprise.co.uk/top-10-healthtech-startups-in-germany/,,,www.more.de
Platforms,https://startuprise.org,PlatformsAsia PacificAmericaIndia,Germany,,https://startuprise.co.uk/top-10-healthtech-startups-in-germany/,,,startuprise.org
Follow us,https://whatsapp.com/channel/0029VaVijVv2Jl88uVMCsT1I,Follow usFollow us,Germany,,https://startuprise.co.uk/top-10-healthtech-startups-in-germany/,,,whatsapp.com
Asia Pacific,https://startuprise.org,Asia Pacific,Germany,,https://startuprise.co.uk/top-10-healthtech-startups-in-germany/,,,startuprise.org
India,https://viestories.com/,India,Germany,,https://startuprise.co.uk/top-10-healthtech-startups-in-germany/,,,viestories.com
Suggestions,https://www.suggestions.de,Suggestions,Germany,,https://eustartup.news/15-innovative-health-care-startups-in-germany-driving-change-in-the-industry/,,,www.suggestions.de
Table of Contents,https://www.tableofcontents.de,Table of Contentsshow,Germany,,https://eustartup.news/15-innovative-health-care-startups-in-germany-driving-change-in-the-industry/,,,www.tableofcontents.de
Want to amplify your startup’s story?,,"Want to amplify your startup’s story?EU Startup News is your launchpad to reach startup founders, investors, and C-level execs across Europe. Discover our tailored promotional strategies such as Sponsored Articles and Partnerships. Clickhereto learn ",Germany,,https://eustartup.news/15-innovative-health-care-startups-in-germany-driving-change-in-the-industry/,,,
Related,https://www.related.com,RelatedIs This the Ultimate Solution to Lost Property in the Sharing Economy?Belgium’s Rising Stars in Software: 15 Exciting Startups to WatchBiotech Breakthroughs: Unraveling Germany’s 15 Emerging Biotechnology Startups15 French Startups that are Re,Germany,,https://eustartup.news/15-innovative-health-care-startups-in-germany-driving-change-in-the-industry/,,,www.related.com
Is This the Ultimate Solution to Lost Property in the Sharing Economy?,,Is This the Ultimate Solution to Lost Property in the Sharing Economy?,Germany,,https://eustartup.news/15-innovative-health-care-startups-in-germany-driving-change-in-the-industry/,,,
Belgium’s Rising Stars in Software: 15 Exciting Startups to Watch,,Belgium’s Rising Stars in Software: 15 Exciting Startups to Watch,Germany,,https://eustartup.news/15-innovative-health-care-startups-in-germany-driving-change-in-the-industry/,,,
Biotech Breakthroughs: Unraveling Germany’s 15 Emerging Biotechnology Startups,,Biotech Breakthroughs: Unraveling Germany’s 15 Emerging Biotechnology Startups,Germany,,https://eustartup.news/15-innovative-health-care-startups-in-germany-driving-change-in-the-industry/,,,
You might be interested in,,"You might be interested inMay 5, 2025Black In Tech Berlin Announces Groundbreaking Membership Platform to Empower Black Tech Talent Across EuropeMarch 3, 2025Who are Dublin’s Top Influential Marketing Startups Transforming the Industry?February 20, 2",Germany,,https://eustartup.news/15-innovative-health-care-startups-in-germany-driving-change-in-the-industry/,,,
Who are Dublin’s Top Influential Marketing Startups Transforming the Industry?,,"March 3, 2025Who are Dublin’s Top Influential Marketing Startups Transforming the Industry?",Germany,,https://eustartup.news/15-innovative-health-care-startups-in-germany-driving-change-in-the-industry/,,,
What Are Hovedstaden’s Most Influential App Startups Transforming the Tech Scene?,,"February 20, 2025What Are Hovedstaden’s Most Influential App Startups Transforming the Tech Scene?",Germany,,https://eustartup.news/15-innovative-health-care-startups-in-germany-driving-change-in-the-industry/,,,
Can AI-Driven Human Cloud Platforms Revolutionise European Software Engineering?,,"February 17, 2025Can AI-Driven Human Cloud Platforms Revolutionise European Software Engineering?",Germany,,https://eustartup.news/15-innovative-health-care-startups-in-germany-driving-change-in-the-industry/,,,
How is HR Tech Changing the Life Science and IT Recruitment in 2025?,,"February 2, 2025How is HR Tech Changing the Life Science and IT Recruitment in 2025?",Germany,,https://eustartup.news/15-innovative-health-care-startups-in-germany-driving-change-in-the-industry/,,,
Which E-Commerce Startups are Revolutionizing Baden-Wurttemberg’s Market in 2025?,,"January 20, 2025Which E-Commerce Startups are Revolutionizing Baden-Wurttemberg’s Market in 2025?",Germany,,https://eustartup.news/15-innovative-health-care-startups-in-germany-driving-change-in-the-industry/,,,
Exploring the Art of AI: 15 Interesting Art Startups in Germany,,Previous StoryExploring the Art of AI: 15 Interesting Art Startups in Germany,Germany,,https://eustartup.news/15-innovative-health-care-startups-in-germany-driving-change-in-the-industry/,,,
Opel Special Vehicles – Revolutionizing the Automotive Industry in Europe,,Next StoryOpel Special Vehicles – Revolutionizing the Automotive Industry in Europe,Germany,,https://eustartup.news/15-innovative-health-care-startups-in-germany-driving-change-in-the-industry/,,,
